{
  "variant": "base_only",
  "feature_count": 112,
  "best_iteration": 239,
  "metrics": {
    "train": {
      "rows": 3549.0,
      "base_rate": 0.47309101155255,
      "brier": 0.007020143944165979,
      "logloss": 0.04223356003954142,
      "auc": 0.9997098476620602
    },
    "tune": {
      "rows": 970.0,
      "base_rate": 0.5752577319587628,
      "brier": 0.030354010674206615,
      "logloss": 0.12760457888335966,
      "auc": 0.9907305912238579
    },
    "test": {
      "rows": 33527.0,
      "base_rate": 0.5392668595460375,
      "brier": 0.0661439879511388,
      "logloss": 0.32167932055089427,
      "auc": 0.914133636940701
    }
  }
}