{
  "variant": "base_plus_level_flow",
  "feature_count": 212,
  "best_iteration": 222,
  "metrics": {
    "train": {
      "rows": 3800.0,
      "base_rate": 0.5102631578947369,
      "brier": 0.005535491829300408,
      "logloss": 0.03687563987074652,
      "auc": 0.9998996807242054
    },
    "tune": {
      "rows": 755.0,
      "base_rate": 0.48344370860927155,
      "brier": 0.03556473543804775,
      "logloss": 0.14790777759876178,
      "auc": 0.9726659641728135
    },
    "test": {
      "rows": 29673.0,
      "base_rate": 0.5072961951942844,
      "brier": 0.028922471234277967,
      "logloss": 0.15796695337151945,
      "auc": 0.9793561154599848
    }
  }
}