{
  "variant": "base_only",
  "feature_count": 112,
  "best_iteration": 206,
  "metrics": {
    "train": {
      "rows": 3800.0,
      "base_rate": 0.5102631578947369,
      "brier": 0.007814124189973744,
      "logloss": 0.04540666622596699,
      "auc": 0.999768046315359
    },
    "tune": {
      "rows": 755.0,
      "base_rate": 0.48344370860927155,
      "brier": 0.03731415659432581,
      "logloss": 0.14570455550104816,
      "auc": 0.9751387425360029
    },
    "test": {
      "rows": 29673.0,
      "base_rate": 0.5072961951942844,
      "brier": 0.020796959025478106,
      "logloss": 0.12802681453018874,
      "auc": 0.9812126269215848
    }
  }
}