{
  "variant": "base_plus_level_flow",
  "feature_count": 212,
  "best_iteration": 152,
  "metrics": {
    "train": {
      "rows": 12728.0,
      "base_rate": 0.5124921433060968,
      "brier": 0.022211981441515975,
      "logloss": 0.09786911986757005,
      "auc": 0.9967172750039747
    },
    "tune": {
      "rows": 2426.0,
      "base_rate": 0.47073371805441055,
      "brier": 0.0585897295260033,
      "logloss": 0.2348374796761881,
      "auc": 0.9476433649224457
    },
    "test": {
      "rows": 63159.0,
      "base_rate": 0.4865498187115059,
      "brier": 0.009982718944334395,
      "logloss": 0.06478556945070554,
      "auc": 0.9978359733276784
    }
  }
}