{
  "input": "/root/crypto_data/ml_features_quality_ab_plus_level_flow_backfilled.csv.gz",
  "scope": "asset_SOL",
  "rows": 34228,
  "tickers": 247,
  "split_counts": {
    "train": {
      "rows": 3800,
      "tickers": 172
    },
    "tune": {
      "rows": 755,
      "tickers": 37
    },
    "test": {
      "rows": 29673,
      "tickers": 38
    }
  },
  "summaries": [
    {
      "variant": "base_only",
      "feature_count": 112,
      "best_iteration": 206,
      "metrics": {
        "train": {
          "rows": 3800.0,
          "base_rate": 0.5102631578947369,
          "brier": 0.007814124189973744,
          "logloss": 0.04540666622596699,
          "auc": 0.999768046315359
        },
        "tune": {
          "rows": 755.0,
          "base_rate": 0.48344370860927155,
          "brier": 0.03731415659432581,
          "logloss": 0.14570455550104816,
          "auc": 0.9751387425360029
        },
        "test": {
          "rows": 29673.0,
          "base_rate": 0.5072961951942844,
          "brier": 0.020796959025478106,
          "logloss": 0.12802681453018874,
          "auc": 0.9812126269215848
        }
      }
    },
    {
      "variant": "base_plus_level_flow",
      "feature_count": 212,
      "best_iteration": 222,
      "metrics": {
        "train": {
          "rows": 3800.0,
          "base_rate": 0.5102631578947369,
          "brier": 0.005535491829300408,
          "logloss": 0.03687563987074652,
          "auc": 0.9998996807242054
        },
        "tune": {
          "rows": 755.0,
          "base_rate": 0.48344370860927155,
          "brier": 0.03556473543804775,
          "logloss": 0.14790777759876178,
          "auc": 0.9726659641728135
        },
        "test": {
          "rows": 29673.0,
          "base_rate": 0.5072961951942844,
          "brier": 0.028922471234277967,
          "logloss": 0.15796695337151945,
          "auc": 0.9793561154599848
        }
      }
    }
  ]
}