{
  "variant": "base_plus_level_flow",
  "feature_count": 212,
  "best_iteration": 216,
  "metrics": {
    "train": {
      "rows": 3549.0,
      "base_rate": 0.47309101155255,
      "brier": 0.007062205349277857,
      "logloss": 0.04371410820985553,
      "auc": 0.999692011733493
    },
    "tune": {
      "rows": 970.0,
      "base_rate": 0.5752577319587628,
      "brier": 0.03224833837699878,
      "logloss": 0.133161081485699,
      "auc": 0.9922269199986081
    },
    "test": {
      "rows": 33527.0,
      "base_rate": 0.5392668595460375,
      "brier": 0.06398359540571057,
      "logloss": 0.2711658844562323,
      "auc": 0.9422063581953938
    }
  }
}