{
  "variant": "base_plus_level_flow",
  "feature_count": 212,
  "best_iteration": 104,
  "metrics": {
    "train": {
      "rows": 9809.0,
      "base_rate": 0.48363747578754207,
      "brier": 0.03291838275872514,
      "logloss": 0.1453060762761243,
      "auc": 0.9938817713734936
    },
    "tune": {
      "rows": 2127.0,
      "base_rate": 0.48189938881053124,
      "brier": 0.0731905044318269,
      "logloss": 0.280350568651465,
      "auc": 0.9293581514762516
    },
    "test": {
      "rows": 37828.0,
      "base_rate": 0.5519456487258115,
      "brier": 0.04966267110580179,
      "logloss": 0.217944811280262,
      "auc": 0.9931150966641568
    }
  }
}