{
  "variant": "base_only",
  "feature_count": 112,
  "best_iteration": 105,
  "metrics": {
    "train": {
      "rows": 9809.0,
      "base_rate": 0.48363747578754207,
      "brier": 0.03411040206528998,
      "logloss": 0.14820748310325918,
      "auc": 0.9932752797111414
    },
    "tune": {
      "rows": 2127.0,
      "base_rate": 0.48189938881053124,
      "brier": 0.07307764695388273,
      "logloss": 0.27868680671349455,
      "auc": 0.9312000354123323
    },
    "test": {
      "rows": 37828.0,
      "base_rate": 0.5519456487258115,
      "brier": 0.047398823467569934,
      "logloss": 0.21134495510060175,
      "auc": 0.9954433527350859
    }
  }
}