{
  "variant": "base_only",
  "feature_count": 112,
  "best_iteration": 142,
  "metrics": {
    "train": {
      "rows": 12728.0,
      "base_rate": 0.5124921433060968,
      "brier": 0.026248868760281967,
      "logloss": 0.11169958146633664,
      "auc": 0.9953137988272576
    },
    "tune": {
      "rows": 2426.0,
      "base_rate": 0.47073371805441055,
      "brier": 0.060429547807570046,
      "logloss": 0.24022185848986335,
      "auc": 0.9478540954002106
    },
    "test": {
      "rows": 63159.0,
      "base_rate": 0.4865498187115059,
      "brier": 0.011369884490206223,
      "logloss": 0.07566180567244145,
      "auc": 0.9976281388793221
    }
  }
}